school_id,teacher_id,teacher_first_name,teacher_last_name,teacher_email,teacher_mobile_phone
0,teacher_0,Teacher_0,TeacherLast_0,teacher.teacherlast0@061e09b6a8c0950342b51e14f70960e9.exampleschool.org,""
0,teacher_1,Teacher_1,TeacherLast_1,teacher.teacherlast1@061e09b6a8c0950342b51e14f70960e9.exampleschool.org,""
0,teacher_2,Teacher_2,TeacherLast_2,teacher.teacherlast2@061e09b6a8c0950342b51e14f70960e9.exampleschool.org,""
0,teacher_3,Teacher_3,TeacherLast_3,teacher.teacherlast3@061e09b6a8c0950342b51e14f70960e9.exampleschool.org,""
0,teacher_4,Teacher_4,TeacherLast_4,teacher.teacherlast4@061e09b6a8c0950342b51e14f70960e9.exampleschool.org,""
0,teacher_5,Teacher_5,TeacherLast_5,teacher.teacherlast5@061e09b6a8c0950342b51e14f70960e9.exampleschool.org,""
0,teacher_6,Teacher_6,TeacherLast_6,teacher.teacherlast6@061e09b6a8c0950342b51e14f70960e9.exampleschool.org,""
0,teacher_7,Teacher_7,TeacherLast_7,teacher.teacherlast7@061e09b6a8c0950342b51e14f70960e9.exampleschool.org,""
0,teacher_8,Teacher_8,TeacherLast_8,teacher.teacherlast8@061e09b6a8c0950342b51e14f70960e9.exampleschool.org,""
0,teacher_9,Teacher_9,TeacherLast_9,teacher.teacherlast9@061e09b6a8c0950342b51e14f70960e9.exampleschool.org,""
0,teacher_10,Teacher_10,TeacherLast_10,teacher.teacherlast10@061e09b6a8c0950342b51e14f70960e9.exampleschool.org,""
0,teacher_11,Teacher_11,TeacherLast_11,teacher.teacherlast11@061e09b6a8c0950342b51e14f70960e9.exampleschool.org,""
0,teacher_12,Teacher_12,TeacherLast_12,teacher.teacherlast12@061e09b6a8c0950342b51e14f70960e9.exampleschool.org,""
0,teacher_13,Teacher_13,TeacherLast_13,teacher.teacherlast13@061e09b6a8c0950342b51e14f70960e9.exampleschool.org,""
0,teacher_14,Teacher_14,TeacherLast_14,teacher.teacherlast14@061e09b6a8c0950342b51e14f70960e9.exampleschool.org,""
0,teacher_15,Teacher_15,TeacherLast_15,teacher.teacherlast15@061e09b6a8c0950342b51e14f70960e9.exampleschool.org,""
0,teacher_16,Teacher_16,TeacherLast_16,teacher.teacherlast16@061e09b6a8c0950342b51e14f70960e9.exampleschool.org,""
0,teacher_17,Teacher_17,TeacherLast_17,teacher.teacherlast17@061e09b6a8c0950342b51e14f70960e9.exampleschool.org,""
0,teacher_18,Teacher_18,TeacherLast_18,teacher.teacherlast18@061e09b6a8c0950342b51e14f70960e9.exampleschool.org,""
0,teacher_19,Teacher_19,TeacherLast_19,teacher.teacherlast19@061e09b6a8c0950342b51e14f70960e9.exampleschool.org,""
0,teacher_20,Teacher_20,TeacherLast_20,teacher.teacherlast20@061e09b6a8c0950342b51e14f70960e9.exampleschool.org,""
0,teacher_21,Teacher_21,TeacherLast_21,teacher.teacherlast21@061e09b6a8c0950342b51e14f70960e9.exampleschool.org,""
0,teacher_22,Teacher_22,TeacherLast_22,teacher.teacherlast22@061e09b6a8c0950342b51e14f70960e9.exampleschool.org,""
0,teacher_23,Teacher_23,TeacherLast_23,teacher.teacherlast23@061e09b6a8c0950342b51e14f70960e9.exampleschool.org,""
0,teacher_24,Teacher_24,TeacherLast_24,teacher.teacherlast24@061e09b6a8c0950342b51e14f70960e9.exampleschool.org,""
0,teacher_25,Teacher_25,TeacherLast_25,teacher.teacherlast25@061e09b6a8c0950342b51e14f70960e9.exampleschool.org,""
0,teacher_26,Teacher_26,TeacherLast_26,teacher.teacherlast26@061e09b6a8c0950342b51e14f70960e9.exampleschool.org,""
0,teacher_27,Teacher_27,TeacherLast_27,teacher.teacherlast27@061e09b6a8c0950342b51e14f70960e9.exampleschool.org,""
0,teacher_28,Teacher_28,TeacherLast_28,teacher.teacherlast28@061e09b6a8c0950342b51e14f70960e9.exampleschool.org,""
0,teacher_29,Teacher_29,TeacherLast_29,teacher.teacherlast29@061e09b6a8c0950342b51e14f70960e9.exampleschool.org,""
0,teacher_30,Teacher_30,TeacherLast_30,teacher.teacherlast30@061e09b6a8c0950342b51e14f70960e9.exampleschool.org,""
0,teacher_31,Teacher_31,TeacherLast_31,teacher.teacherlast31@061e09b6a8c0950342b51e14f70960e9.exampleschool.org,""
0,teacher_32,Teacher_32,TeacherLast_32,teacher.teacherlast32@061e09b6a8c0950342b51e14f70960e9.exampleschool.org,""
0,teacher_33,Teacher_33,TeacherLast_33,teacher.teacherlast33@061e09b6a8c0950342b51e14f70960e9.exampleschool.org,""
0,teacher_34,Teacher_34,TeacherLast_34,teacher.teacherlast34@061e09b6a8c0950342b51e14f70960e9.exampleschool.org,""
0,teacher_35,Teacher_35,TeacherLast_35,teacher.teacherlast35@061e09b6a8c0950342b51e14f70960e9.exampleschool.org,""
0,teacher_36,Teacher_36,TeacherLast_36,teacher.teacherlast36@061e09b6a8c0950342b51e14f70960e9.exampleschool.org,""
0,teacher_37,Teacher_37,TeacherLast_37,teacher.teacherlast37@061e09b6a8c0950342b51e14f70960e9.exampleschool.org,""
0,teacher_38,Teacher_38,TeacherLast_38,teacher.teacherlast38@061e09b6a8c0950342b51e14f70960e9.exampleschool.org,""
0,teacher_39,Teacher_39,TeacherLast_39,teacher.teacherlast39@061e09b6a8c0950342b51e14f70960e9.exampleschool.org,""
0,teacher_40,Teacher_40,TeacherLast_40,teacher.teacherlast40@061e09b6a8c0950342b51e14f70960e9.exampleschool.org,""
0,teacher_41,Teacher_41,TeacherLast_41,teacher.teacherlast41@061e09b6a8c0950342b51e14f70960e9.exampleschool.org,""
0,teacher_42,Teacher_42,TeacherLast_42,teacher.teacherlast42@061e09b6a8c0950342b51e14f70960e9.exampleschool.org,""
1,teacher_43,Teacher_43,TeacherLast_43,teacher.teacherlast43@061e09b6a8c0950342b51e14f70960e9.exampleschool.org,""
1,teacher_44,Teacher_44,TeacherLast_44,teacher.teacherlast44@061e09b6a8c0950342b51e14f70960e9.exampleschool.org,""
1,teacher_45,Teacher_45,TeacherLast_45,teacher.teacherlast45@061e09b6a8c0950342b51e14f70960e9.exampleschool.org,""
1,teacher_46,Teacher_46,TeacherLast_46,teacher.teacherlast46@061e09b6a8c0950342b51e14f70960e9.exampleschool.org,""
1,teacher_47,Teacher_47,TeacherLast_47,teacher.teacherlast47@061e09b6a8c0950342b51e14f70960e9.exampleschool.org,""
1,teacher_48,Teacher_48,TeacherLast_48,teacher.teacherlast48@061e09b6a8c0950342b51e14f70960e9.exampleschool.org,""
1,teacher_49,Teacher_49,TeacherLast_49,teacher.teacherlast49@061e09b6a8c0950342b51e14f70960e9.exampleschool.org,""
1,teacher_50,Teacher_50,TeacherLast_50,teacher.teacherlast50@061e09b6a8c0950342b51e14f70960e9.exampleschool.org,""
1,teacher_51,Teacher_51,TeacherLast_51,teacher.teacherlast51@061e09b6a8c0950342b51e14f70960e9.exampleschool.org,""
1,teacher_52,Teacher_52,TeacherLast_52,teacher.teacherlast52@061e09b6a8c0950342b51e14f70960e9.exampleschool.org,""
1,teacher_53,Teacher_53,TeacherLast_53,teacher.teacherlast53@061e09b6a8c0950342b51e14f70960e9.exampleschool.org,""
1,teacher_54,Teacher_54,TeacherLast_54,teacher.teacherlast54@061e09b6a8c0950342b51e14f70960e9.exampleschool.org,""
1,teacher_55,Teacher_55,TeacherLast_55,teacher.teacherlast55@061e09b6a8c0950342b51e14f70960e9.exampleschool.org,""
1,teacher_56,Teacher_56,TeacherLast_56,teacher.teacherlast56@061e09b6a8c0950342b51e14f70960e9.exampleschool.org,""
1,teacher_57,Teacher_57,TeacherLast_57,teacher.teacherlast57@061e09b6a8c0950342b51e14f70960e9.exampleschool.org,""
1,teacher_58,Teacher_58,TeacherLast_58,teacher.teacherlast58@061e09b6a8c0950342b51e14f70960e9.exampleschool.org,""
1,teacher_59,Teacher_59,TeacherLast_59,teacher.teacherlast59@061e09b6a8c0950342b51e14f70960e9.exampleschool.org,""
1,teacher_60,Teacher_60,TeacherLast_60,teacher.teacherlast60@061e09b6a8c0950342b51e14f70960e9.exampleschool.org,""
1,teacher_61,Teacher_61,TeacherLast_61,teacher.teacherlast61@061e09b6a8c0950342b51e14f70960e9.exampleschool.org,""
1,teacher_62,Teacher_62,TeacherLast_62,teacher.teacherlast62@061e09b6a8c0950342b51e14f70960e9.exampleschool.org,""
1,teacher_63,Teacher_63,TeacherLast_63,teacher.teacherlast63@061e09b6a8c0950342b51e14f70960e9.exampleschool.org,""
1,teacher_64,Teacher_64,TeacherLast_64,teacher.teacherlast64@061e09b6a8c0950342b51e14f70960e9.exampleschool.org,""
1,teacher_65,Teacher_65,TeacherLast_65,teacher.teacherlast65@061e09b6a8c0950342b51e14f70960e9.exampleschool.org,""
1,teacher_66,Teacher_66,TeacherLast_66,teacher.teacherlast66@061e09b6a8c0950342b51e14f70960e9.exampleschool.org,""
1,teacher_67,Teacher_67,TeacherLast_67,teacher.teacherlast67@061e09b6a8c0950342b51e14f70960e9.exampleschool.org,""
1,teacher_68,Teacher_68,TeacherLast_68,teacher.teacherlast68@061e09b6a8c0950342b51e14f70960e9.exampleschool.org,""
1,teacher_69,Teacher_69,TeacherLast_69,teacher.teacherlast69@061e09b6a8c0950342b51e14f70960e9.exampleschool.org,""
1,teacher_70,Teacher_70,TeacherLast_70,teacher.teacherlast70@061e09b6a8c0950342b51e14f70960e9.exampleschool.org,""
1,teacher_71,Teacher_71,TeacherLast_71,teacher.teacherlast71@061e09b6a8c0950342b51e14f70960e9.exampleschool.org,""
1,teacher_72,Teacher_72,TeacherLast_72,teacher.teacherlast72@061e09b6a8c0950342b51e14f70960e9.exampleschool.org,""
1,teacher_73,Teacher_73,TeacherLast_73,teacher.teacherlast73@061e09b6a8c0950342b51e14f70960e9.exampleschool.org,""
1,teacher_74,Teacher_74,TeacherLast_74,teacher.teacherlast74@061e09b6a8c0950342b51e14f70960e9.exampleschool.org,""
1,teacher_75,Teacher_75,TeacherLast_75,teacher.teacherlast75@061e09b6a8c0950342b51e14f70960e9.exampleschool.org,""
1,teacher_76,Teacher_76,TeacherLast_76,teacher.teacherlast76@061e09b6a8c0950342b51e14f70960e9.exampleschool.org,""
1,teacher_77,Teacher_77,TeacherLast_77,teacher.teacherlast77@061e09b6a8c0950342b51e14f70960e9.exampleschool.org,""
1,teacher_78,Teacher_78,TeacherLast_78,teacher.teacherlast78@061e09b6a8c0950342b51e14f70960e9.exampleschool.org,""
1,teacher_79,Teacher_79,TeacherLast_79,teacher.teacherlast79@061e09b6a8c0950342b51e14f70960e9.exampleschool.org,""
1,teacher_80,Teacher_80,TeacherLast_80,teacher.teacherlast80@061e09b6a8c0950342b51e14f70960e9.exampleschool.org,""
1,teacher_81,Teacher_81,TeacherLast_81,teacher.teacherlast81@061e09b6a8c0950342b51e14f70960e9.exampleschool.org,""
1,teacher_82,Teacher_82,TeacherLast_82,teacher.teacherlast82@061e09b6a8c0950342b51e14f70960e9.exampleschool.org,""
1,teacher_83,Teacher_83,TeacherLast_83,teacher.teacherlast83@061e09b6a8c0950342b51e14f70960e9.exampleschool.org,""
1,teacher_84,Teacher_84,TeacherLast_84,teacher.teacherlast84@061e09b6a8c0950342b51e14f70960e9.exampleschool.org,""
1,teacher_85,Teacher_85,TeacherLast_85,teacher.teacherlast85@061e09b6a8c0950342b51e14f70960e9.exampleschool.org,""
2,teacher_86,Teacher_86,TeacherLast_86,teacher.teacherlast86@061e09b6a8c0950342b51e14f70960e9.exampleschool.org,""
2,teacher_87,Teacher_87,TeacherLast_87,teacher.teacherlast87@061e09b6a8c0950342b51e14f70960e9.exampleschool.org,""
2,teacher_88,Teacher_88,TeacherLast_88,teacher.teacherlast88@061e09b6a8c0950342b51e14f70960e9.exampleschool.org,""
2,teacher_89,Teacher_89,TeacherLast_89,teacher.teacherlast89@061e09b6a8c0950342b51e14f70960e9.exampleschool.org,""
2,teacher_90,Teacher_90,TeacherLast_90,teacher.teacherlast90@061e09b6a8c0950342b51e14f70960e9.exampleschool.org,""
2,teacher_91,Teacher_91,TeacherLast_91,teacher.teacherlast91@061e09b6a8c0950342b51e14f70960e9.exampleschool.org,""
2,teacher_92,Teacher_92,TeacherLast_92,teacher.teacherlast92@061e09b6a8c0950342b51e14f70960e9.exampleschool.org,""
2,teacher_93,Teacher_93,TeacherLast_93,teacher.teacherlast93@061e09b6a8c0950342b51e14f70960e9.exampleschool.org,""
2,teacher_94,Teacher_94,TeacherLast_94,teacher.teacherlast94@061e09b6a8c0950342b51e14f70960e9.exampleschool.org,""
2,teacher_95,Teacher_95,TeacherLast_95,teacher.teacherlast95@061e09b6a8c0950342b51e14f70960e9.exampleschool.org,""
2,teacher_96,Teacher_96,TeacherLast_96,teacher.teacherlast96@061e09b6a8c0950342b51e14f70960e9.exampleschool.org,""
2,teacher_97,Teacher_97,TeacherLast_97,teacher.teacherlast97@061e09b6a8c0950342b51e14f70960e9.exampleschool.org,""
2,teacher_98,Teacher_98,TeacherLast_98,teacher.teacherlast98@061e09b6a8c0950342b51e14f70960e9.exampleschool.org,""
2,teacher_99,Teacher_99,TeacherLast_99,teacher.teacherlast99@061e09b6a8c0950342b51e14f70960e9.exampleschool.org,""
2,teacher_100,Teacher_100,TeacherLast_100,teacher.teacherlast100@061e09b6a8c0950342b51e14f70960e9.exampleschool.org,""
2,teacher_101,Teacher_101,TeacherLast_101,teacher.teacherlast101@061e09b6a8c0950342b51e14f70960e9.exampleschool.org,""
2,teacher_102,Teacher_102,TeacherLast_102,teacher.teacherlast102@061e09b6a8c0950342b51e14f70960e9.exampleschool.org,""
2,teacher_103,Teacher_103,TeacherLast_103,teacher.teacherlast103@061e09b6a8c0950342b51e14f70960e9.exampleschool.org,""
2,teacher_104,Teacher_104,TeacherLast_104,teacher.teacherlast104@061e09b6a8c0950342b51e14f70960e9.exampleschool.org,""
2,teacher_105,Teacher_105,TeacherLast_105,teacher.teacherlast105@061e09b6a8c0950342b51e14f70960e9.exampleschool.org,""
2,teacher_106,Teacher_106,TeacherLast_106,teacher.teacherlast106@061e09b6a8c0950342b51e14f70960e9.exampleschool.org,""
2,teacher_107,Teacher_107,TeacherLast_107,teacher.teacherlast107@061e09b6a8c0950342b51e14f70960e9.exampleschool.org,""
2,teacher_108,Teacher_108,TeacherLast_108,teacher.teacherlast108@061e09b6a8c0950342b51e14f70960e9.exampleschool.org,""
2,teacher_109,Teacher_109,TeacherLast_109,teacher.teacherlast109@061e09b6a8c0950342b51e14f70960e9.exampleschool.org,""
2,teacher_110,Teacher_110,TeacherLast_110,teacher.teacherlast110@061e09b6a8c0950342b51e14f70960e9.exampleschool.org,""
2,teacher_111,Teacher_111,TeacherLast_111,teacher.teacherlast111@061e09b6a8c0950342b51e14f70960e9.exampleschool.org,""
2,teacher_112,Teacher_112,TeacherLast_112,teacher.teacherlast112@061e09b6a8c0950342b51e14f70960e9.exampleschool.org,""
2,teacher_113,Teacher_113,TeacherLast_113,teacher.teacherlast113@061e09b6a8c0950342b51e14f70960e9.exampleschool.org,""
2,teacher_114,Teacher_114,TeacherLast_114,teacher.teacherlast114@061e09b6a8c0950342b51e14f70960e9.exampleschool.org,""
2,teacher_115,Teacher_115,TeacherLast_115,teacher.teacherlast115@061e09b6a8c0950342b51e14f70960e9.exampleschool.org,""
2,teacher_116,Teacher_116,TeacherLast_116,teacher.teacherlast116@061e09b6a8c0950342b51e14f70960e9.exampleschool.org,""
2,teacher_117,Teacher_117,TeacherLast_117,teacher.teacherlast117@061e09b6a8c0950342b51e14f70960e9.exampleschool.org,""
2,teacher_118,Teacher_118,TeacherLast_118,teacher.teacherlast118@061e09b6a8c0950342b51e14f70960e9.exampleschool.org,""
2,teacher_119,Teacher_119,TeacherLast_119,teacher.teacherlast119@061e09b6a8c0950342b51e14f70960e9.exampleschool.org,""
2,teacher_120,Teacher_120,TeacherLast_120,teacher.teacherlast120@061e09b6a8c0950342b51e14f70960e9.exampleschool.org,""
2,teacher_121,Teacher_121,TeacherLast_121,teacher.teacherlast121@061e09b6a8c0950342b51e14f70960e9.exampleschool.org,""
2,teacher_122,Teacher_122,TeacherLast_122,teacher.teacherlast122@061e09b6a8c0950342b51e14f70960e9.exampleschool.org,""
2,teacher_123,Teacher_123,TeacherLast_123,teacher.teacherlast123@061e09b6a8c0950342b51e14f70960e9.exampleschool.org,""
2,teacher_124,Teacher_124,TeacherLast_124,teacher.teacherlast124@061e09b6a8c0950342b51e14f70960e9.exampleschool.org,""
2,teacher_125,Teacher_125,TeacherLast_125,teacher.teacherlast125@061e09b6a8c0950342b51e14f70960e9.exampleschool.org,""
2,teacher_126,Teacher_126,TeacherLast_126,teacher.teacherlast126@061e09b6a8c0950342b51e14f70960e9.exampleschool.org,""
2,teacher_127,Teacher_127,TeacherLast_127,teacher.teacherlast127@061e09b6a8c0950342b51e14f70960e9.exampleschool.org,""
2,teacher_128,Teacher_128,TeacherLast_128,teacher.teacherlast128@061e09b6a8c0950342b51e14f70960e9.exampleschool.org,""
